Mite potential,248,793,IMG_3755.JPG,2448,3264
Mite potential,127,479,IMG_3755.JPG,2448,3264
Mite potential,562,3147,IMG_3755.JPG,2448,3264
Mite,550,1721,IMG_3756.JPG,2448,3264
Mite potential,1859,717,IMG_3756.JPG,2448,3264
Mite potential,1959,1017,IMG_3756.JPG,2448,3264
Mite potential,2160,3184,IMG_3756.JPG,2448,3264
Mite potential,1980,3011,IMG_3757.JPG,2448,3264
Mite potential,1865,2716,IMG_3757.JPG,2448,3264
Mite potential,362,2628,IMG_3758.JPG,2448,3264
Mite potential,490,2918,IMG_3758.JPG,2448,3264